{"loss": [1.4726992845535278, 1.4481070041656494, 1.4365756511688232, 1.4301518201828003, 1.4256386756896973, 1.4191645383834839, 1.4129046201705933, 1.4107216596603394, 1.3993154764175415, 1.396916151046753, 1.3930151462554932, 1.387345790863037, 1.3841153383255005, 1.378501296043396, 1.3777319192886353, 1.373388409614563, 1.3712737560272217, 1.3702563047409058, 1.3670202493667603, 1.3658877611160278, 1.3631671667099, 1.3632456064224243, 1.3585606813430786, 1.3589236736297607, 1.3553807735443115], "accuracy": [0.4156450033187866, 0.4248400926589966, 0.42304104566574097, 0.42703890800476074, 0.4297707974910736, 0.4325026571750641, 0.43603411316871643, 0.43596747517585754, 0.43856608867645264, 0.4408315420150757, 0.44409647583961487, 0.44596216082572937, 0.44596216082572937, 0.4456956386566162, 0.4533582031726837, 0.45249199867248535, 0.4508262276649475, 0.45302504301071167, 0.4520922303199768, 0.4508928656578064, 0.45302504301071167, 0.45575693249702454, 0.45702293515205383, 0.4552238881587982, 0.457289457321167], "auc": [0.6799601316452026, 0.6959035992622375, 0.7034238576889038, 0.7074398398399353, 0.711267352104187, 0.715409517288208, 0.7193409204483032, 0.72123122215271, 0.7270231246948242, 0.7287085056304932, 0.7306268215179443, 0.7335087060928345, 0.7346533536911011, 0.7376130819320679, 0.7377331852912903, 0.7398755550384521, 0.7412639856338501, 0.7413380146026611, 0.7430018186569214, 0.7434149980545044, 0.7449620962142944, 0.7448877692222595, 0.7468928694725037, 0.7467746734619141, 0.7486128807067871], "categorical_accuracy": [0.4156450033187866, 0.4248400926589966, 0.42304104566574097, 0.42703890800476074, 0.4297707974910736, 0.4325026571750641, 0.43603411316871643, 0.43596747517585754, 0.43856608867645264, 0.4408315420150757, 0.44409647583961487, 0.44596216082572937, 0.44596216082572937, 0.4456956386566162, 0.4533582031726837, 0.45249199867248535, 0.4508262276649475, 0.45302504301071167, 0.4520922303199768, 0.4508928656578064, 0.45302504301071167, 0.45575693249702454, 0.45702293515205383, 0.4552238881587982, 0.457289457321167], "val_loss": [1.4497144222259521, 1.451295256614685, 1.4204702377319336, 1.4232699871063232, 1.4208670854568481, 1.4018359184265137, 1.4193845987319946, 1.3905107975006104, 1.390356421470642, 1.3783910274505615, 1.3755384683609009, 1.3865269422531128, 1.3827753067016602, 1.3741023540496826, 1.366692066192627, 1.3691946268081665, 1.361208438873291, 1.3663365840911865, 1.3538652658462524, 1.3521324396133423, 1.3550831079483032, 1.3550697565078735, 1.3586384057998657, 1.3601301908493042, 1.343790054321289], "val_accuracy": [0.4277142882347107, 0.42885714769363403, 0.4292857050895691, 0.4320000112056732, 0.43314287066459656, 0.4352857172489166, 0.43785715103149414, 0.4344285726547241, 0.44271427392959595, 0.4422857165336609, 0.4431428611278534, 0.4551428556442261, 0.45728570222854614, 0.45500001311302185, 0.4494285583496094, 0.4487142860889435, 0.4441428482532501, 0.4567142724990845, 0.45171427726745605, 0.45271429419517517, 0.4587142765522003, 0.4505714178085327, 0.4561428427696228, 0.46071428060531616, 0.451285719871521], "val_auc": [0.71453857421875, 0.7134742736816406, 0.7212308645248413, 0.7285116910934448, 0.7301132082939148, 0.7327450513839722, 0.7370799779891968, 0.7379738092422485, 0.7417953610420227, 0.7425529956817627, 0.7427233457565308, 0.7396447658538818, 0.7428805232048035, 0.7479853630065918, 0.7494903206825256, 0.7493349313735962, 0.7484451532363892, 0.7493830919265747, 0.7527416944503784, 0.753347635269165, 0.7507772445678711, 0.7533825635910034, 0.7557125091552734, 0.7515708208084106, 0.756628155708313], "val_categorical_accuracy": [0.4277142882347107, 0.42885714769363403, 0.4292857050895691, 0.4320000112056732, 0.43314287066459656, 0.4352857172489166, 0.43785715103149414, 0.4344285726547241, 0.44271427392959595, 0.4422857165336609, 0.4431428611278534, 0.4551428556442261, 0.45728570222854614, 0.45500001311302185, 0.4494285583496094, 0.4487142860889435, 0.4441428482532501, 0.4567142724990845, 0.45171427726745605, 0.45271429419517517, 0.4587142765522003, 0.4505714178085327, 0.4561428427696228, 0.46071428060531616, 0.451285719871521]}