{"loss": [1.4453184604644775, 1.3598288297653198, 1.3183013200759888, 1.2868285179138184, 1.2552520036697388, 1.229785680770874, 1.219067096710205, 1.1797678470611572, 1.164229393005371, 1.1360151767730713, 1.1107584238052368, 1.089326024055481, 1.0642179250717163, 1.0385795831680298, 1.0161805152893066, 0.993200421333313, 0.9658690690994263, 0.952166736125946, 0.9152259230613708, 0.8996691703796387, 0.8735650777816772, 0.8480796813964844, 0.8209503889083862, 0.7959142923355103, 0.7683594226837158], "accuracy": [0.4241737723350525, 0.4560900926589966, 0.47108209133148193, 0.48747333884239197, 0.5029317736625671, 0.5157249569892883, 0.5207222700119019, 0.5403118133544922, 0.5445095896720886, 0.5584354996681213, 0.5648987293243408, 0.5782915949821472, 0.5901519060134888, 0.6005463600158691, 0.6079424023628235, 0.621135413646698, 0.6295309066772461, 0.6342617273330688, 0.6437233686447144, 0.6581823229789734, 0.6635794043540955, 0.6725080013275146, 0.6861007213592529, 0.6952958703041077, 0.7027585506439209], "auc": [0.7023215293884277, 0.7464747428894043, 0.7659174203872681, 0.7782720327377319, 0.7907435894012451, 0.8007735013961792, 0.8050553798675537, 0.8184927701950073, 0.8242557644844055, 0.8330856561660767, 0.8407539129257202, 0.8474372625350952, 0.8549719452857971, 0.8625693321228027, 0.86891770362854, 0.8747628331184387, 0.8820183277130127, 0.8851255178451538, 0.894073486328125, 0.8978021740913391, 0.9037929773330688, 0.9095605611801147, 0.9151054620742798, 0.92050701379776, 0.9257441163063049], "categorical_accuracy": [0.4241737723350525, 0.4560900926589966, 0.47108209133148193, 0.48747333884239197, 0.5029317736625671, 0.5157249569892883, 0.5207222700119019, 0.5403118133544922, 0.5445095896720886, 0.5584354996681213, 0.5648987293243408, 0.5782915949821472, 0.5901519060134888, 0.6005463600158691, 0.6079424023628235, 0.621135413646698, 0.6295309066772461, 0.6342617273330688, 0.6437233686447144, 0.6581823229789734, 0.6635794043540955, 0.6725080013275146, 0.6861007213592529, 0.6952958703041077, 0.7027585506439209], "val_loss": [1.3675755262374878, 1.319231629371643, 1.29572331905365, 1.2489168643951416, 1.2170294523239136, 1.2241137027740479, 1.1896686553955078, 1.1951775550842285, 1.1937968730926514, 1.1699334383010864, 1.1661908626556396, 1.149395227432251, 1.1633858680725098, 1.1859360933303833, 1.1447153091430664, 1.143259882926941, 1.189344882965088, 1.1460117101669312, 1.1516644954681396, 1.1563602685928345, 1.1695747375488281, 1.2018026113510132, 1.1880428791046143, 1.2046502828598022, 1.1943516731262207], "val_accuracy": [0.4571428596973419, 0.48328572511672974, 0.47771430015563965, 0.5024285912513733, 0.5222856998443604, 0.5142857432365417, 0.5350000262260437, 0.5378571152687073, 0.5391428470611572, 0.5462856888771057, 0.5422857403755188, 0.558571457862854, 0.5479999780654907, 0.541857123374939, 0.5630000233650208, 0.5635714530944824, 0.5450000166893005, 0.5648571252822876, 0.567714273929596, 0.5645714402198792, 0.5602856874465942, 0.5424285531044006, 0.5600000023841858, 0.5582857131958008, 0.5577142834663391], "val_auc": [0.7529327869415283, 0.7762335538864136, 0.7732096910476685, 0.7962520718574524, 0.8071885108947754, 0.8034425973892212, 0.8140849471092224, 0.8128376007080078, 0.8150562047958374, 0.822324275970459, 0.8216956257820129, 0.8273286819458008, 0.8232323527336121, 0.8165419101715088, 0.8299936056137085, 0.8307507634162903, 0.8171647787094116, 0.8301665186882019, 0.8309258222579956, 0.8286142945289612, 0.8284574151039124, 0.8172891139984131, 0.8275362253189087, 0.8253301382064819, 0.8255871534347534], "val_categorical_accuracy": [0.4571428596973419, 0.48328572511672974, 0.47771430015563965, 0.5024285912513733, 0.5222856998443604, 0.5142857432365417, 0.5350000262260437, 0.5378571152687073, 0.5391428470611572, 0.5462856888771057, 0.5422857403755188, 0.558571457862854, 0.5479999780654907, 0.541857123374939, 0.5630000233650208, 0.5635714530944824, 0.5450000166893005, 0.5648571252822876, 0.567714273929596, 0.5645714402198792, 0.5602856874465942, 0.5424285531044006, 0.5600000023841858, 0.5582857131958008, 0.5577142834663391]}