{"loss": [0.6958466172218323, 0.6868746876716614, 0.6815481781959534, 0.6751800775527954, 0.6701977849006653, 0.6636233329772949, 0.6584123969078064, 0.6519966721534729, 0.6491193175315857, 0.6447094082832336, 0.6415140628814697, 0.6379551291465759, 0.6371975541114807, 0.6337153911590576, 0.6317282319068909, 0.6267912983894348, 0.625097930431366, 0.6213569045066833, 0.6204479336738586, 0.6186425089836121, 0.6130337119102478, 0.6106337308883667, 0.6096989512443542, 0.606624960899353, 0.6050408482551575], "accuracy": [0.5221215486526489, 0.5491071343421936, 0.5645655393600464, 0.5757595896720886, 0.5916844606399536, 0.6050772666931152, 0.6114072203636169, 0.6193363666534424, 0.6281316876411438, 0.6309301853179932, 0.6366604566574097, 0.6391924023628235, 0.6428571343421936, 0.6451225876808167, 0.6465218663215637, 0.6527851819992065, 0.6527851819992065, 0.6577158570289612, 0.6611140966415405, 0.6606476306915283, 0.6683768630027771, 0.669975996017456, 0.6702425479888916, 0.6721748113632202, 0.667710542678833], "auc": [0.5291380882263184, 0.5648853778839111, 0.5873531699180603, 0.6084514856338501, 0.6233360767364502, 0.6428172588348389, 0.6518885493278503, 0.6645627021789551, 0.6715064644813538, 0.6787731051445007, 0.6846873760223389, 0.6898185014724731, 0.691247284412384, 0.6970676183700562, 0.6996402740478516, 0.7071861028671265, 0.7094981670379639, 0.7143503427505493, 0.7159600257873535, 0.7184785604476929, 0.7260357141494751, 0.7286152839660645, 0.7296847105026245, 0.7335827946662903, 0.7340693473815918], "categorical_accuracy": [0.5221215486526489, 0.5491071343421936, 0.5645655393600464, 0.5757595896720886, 0.5916844606399536, 0.6050772666931152, 0.6114072203636169, 0.6193363666534424, 0.6281316876411438, 0.6309301853179932, 0.6366604566574097, 0.6391924023628235, 0.6428571343421936, 0.6451225876808167, 0.6465218663215637, 0.6527851819992065, 0.6527851819992065, 0.6577158570289612, 0.6611140966415405, 0.6606476306915283, 0.6683768630027771, 0.669975996017456, 0.6702425479888916, 0.6721748113632202, 0.667710542678833], "val_loss": [0.6880992650985718, 0.6848733425140381, 0.6772289872169495, 0.6695089340209961, 0.6679019331932068, 0.6608228087425232, 0.6758206486701965, 0.6491515636444092, 0.672967791557312, 0.6440427303314209, 0.6394984126091003, 0.6400482058525085, 0.6328326463699341, 0.6364201903343201, 0.623940646648407, 0.6437126994132996, 0.6208033561706543, 0.6161383986473083, 0.6167479157447815, 0.612482488155365, 0.6182659268379211, 0.6044368743896484, 0.6081972122192383, 0.6215442419052124, 0.5984460115432739], "val_accuracy": [0.5497142672538757, 0.5285714268684387, 0.5747143030166626, 0.6077142953872681, 0.5858571529388428, 0.602571427822113, 0.5608571171760559, 0.6255714297294617, 0.5758571624755859, 0.6291428804397583, 0.6481428742408752, 0.6317142844200134, 0.649571418762207, 0.6520000100135803, 0.6585714221000671, 0.6171428561210632, 0.6669999957084656, 0.6715714335441589, 0.6627143025398254, 0.6661428809165955, 0.6562857031822205, 0.6758571267127991, 0.663428544998169, 0.6458571553230286, 0.6834285855293274], "val_auc": [0.5706892013549805, 0.5803601741790771, 0.6122921705245972, 0.6441535949707031, 0.6314995288848877, 0.6507962942123413, 0.6050740480422974, 0.6757493615150452, 0.6309502124786377, 0.6824474334716797, 0.6968013644218445, 0.6831914186477661, 0.7023283243179321, 0.6993575096130371, 0.7220151424407959, 0.6756983399391174, 0.728351891040802, 0.7334095239639282, 0.7212029099464417, 0.7288601398468018, 0.7131596803665161, 0.7400915622711182, 0.7296292781829834, 0.7069042921066284, 0.7500692009925842], "val_categorical_accuracy": [0.5497142672538757, 0.5285714268684387, 0.5747143030166626, 0.6077142953872681, 0.5858571529388428, 0.602571427822113, 0.5608571171760559, 0.6255714297294617, 0.5758571624755859, 0.6291428804397583, 0.6481428742408752, 0.6317142844200134, 0.649571418762207, 0.6520000100135803, 0.6585714221000671, 0.6171428561210632, 0.6669999957084656, 0.6715714335441589, 0.6627143025398254, 0.6661428809165955, 0.6562857031822205, 0.6758571267127991, 0.663428544998169, 0.6458571553230286, 0.6834285855293274]}