{"loss": [1.5690046548843384, 1.4963675737380981, 1.4575796127319336, 1.4329397678375244, 1.4132591485977173, 1.3889247179031372, 1.3699713945388794, 1.356164813041687, 1.3355028629302979, 1.3093196153640747, 1.2864352464675903, 1.2683906555175781, 1.2403404712677002, 1.226171612739563, 1.2062296867370605, 1.1830987930297852, 1.1544556617736816, 1.1483073234558105, 1.1240208148956299, 1.1027652025222778, 1.0881986618041992, 1.0609021186828613, 1.0364913940429688, 1.0194907188415527, 1.0147171020507812], "accuracy": [0.2811167240142822, 0.3430170714855194, 0.3692697286605835, 0.3933235704898834, 0.3968549966812134, 0.4087153375148773, 0.4215751588344574, 0.4261060655117035, 0.4362339973449707, 0.4458288848400116, 0.4553571343421936, 0.4648853838443756, 0.47481343150138855, 0.48367536067962646, 0.4866071343421936, 0.49893391132354736, 0.5080623626708984, 0.5104610919952393, 0.5210554599761963, 0.5310500860214233, 0.5324493646621704, 0.548774003982544, 0.5481076836585999, 0.5652318596839905, 0.5645655393600464], "auc": [0.5976226329803467, 0.6649113893508911, 0.6909666061401367, 0.7068416476249695, 0.716215193271637, 0.7289688587188721, 0.7374333143234253, 0.7443049550056458, 0.7538214325904846, 0.7659808993339539, 0.7740111351013184, 0.7831335663795471, 0.7929320931434631, 0.7982796430587769, 0.8038573861122131, 0.8132404088973999, 0.8224247097969055, 0.8247272372245789, 0.8324635624885559, 0.8391663432121277, 0.843561589717865, 0.852109968662262, 0.8586549758911133, 0.8636559247970581, 0.8648524880409241], "categorical_accuracy": [0.2811167240142822, 0.3430170714855194, 0.3692697286605835, 0.3933235704898834, 0.3968549966812134, 0.4087153375148773, 0.4215751588344574, 0.4261060655117035, 0.4362339973449707, 0.4458288848400116, 0.4553571343421936, 0.4648853838443756, 0.47481343150138855, 0.48367536067962646, 0.4866071343421936, 0.49893391132354736, 0.5080623626708984, 0.5104610919952393, 0.5210554599761963, 0.5310500860214233, 0.5324493646621704, 0.548774003982544, 0.5481076836585999, 0.5652318596839905, 0.5645655393600464], "val_loss": [1.5163544416427612, 1.4341431856155396, 1.4107681512832642, 1.4072935581207275, 1.4055176973342896, 1.3733253479003906, 1.3865145444869995, 1.3408938646316528, 1.3308205604553223, 1.3311445713043213, 1.3371914625167847, 1.3213423490524292, 1.3258514404296875, 1.3404003381729126, 1.3255715370178223, 1.340660810470581, 1.3236594200134277, 1.3493527173995972, 1.3418426513671875, 1.3486310243606567, 1.3747140169143677, 1.3724063634872437, 1.3861476182937622, 1.3953158855438232, 1.3971171379089355], "val_accuracy": [0.36171427369117737, 0.38757142424583435, 0.40557143092155457, 0.4001428484916687, 0.4059999883174896, 0.4198571443557739, 0.4187142848968506, 0.43385714292526245, 0.43799999356269836, 0.4405714273452759, 0.43471428751945496, 0.4399999976158142, 0.44028571248054504, 0.436857134103775, 0.4521428644657135, 0.4448571503162384, 0.44114285707473755, 0.43871429562568665, 0.4425714313983917, 0.4462857246398926, 0.43985715508461, 0.4417142868041992, 0.4399999976158142, 0.4325714409351349, 0.4342857003211975], "val_auc": [0.661371111869812, 0.708608865737915, 0.717926561832428, 0.7190484404563904, 0.7192592024803162, 0.7346956133842468, 0.7328485250473022, 0.749595046043396, 0.7537999153137207, 0.7539432048797607, 0.7524887323379517, 0.7581824064254761, 0.7573891878128052, 0.7517378330230713, 0.7608116269111633, 0.759430468082428, 0.7596356868743896, 0.7569032907485962, 0.758535623550415, 0.7605448961257935, 0.7572106719017029, 0.7556477785110474, 0.7601661086082458, 0.751269519329071, 0.7536196708679199], "val_categorical_accuracy": [0.36171427369117737, 0.38757142424583435, 0.40557143092155457, 0.4001428484916687, 0.4059999883174896, 0.4198571443557739, 0.4187142848968506, 0.43385714292526245, 0.43799999356269836, 0.4405714273452759, 0.43471428751945496, 0.4399999976158142, 0.44028571248054504, 0.436857134103775, 0.4521428644657135, 0.4448571503162384, 0.44114285707473755, 0.43871429562568665, 0.4425714313983917, 0.4462857246398926, 0.43985715508461, 0.4417142868041992, 0.4399999976158142, 0.4325714409351349, 0.4342857003211975]}