{"loss": [0.6842431426048279, 0.606092095375061, 0.5737634301185608, 0.5471687316894531, 0.5270152688026428, 0.512113630771637, 0.494145929813385, 0.484550803899765, 0.4750286042690277, 0.4585082232952118, 0.45015648007392883, 0.43898722529411316, 0.4226765036582947, 0.4129745364189148, 0.4102720022201538, 0.38876792788505554, 0.3738504648208618, 0.36758023500442505, 0.3505654036998749, 0.3423243463039398, 0.3290673494338989, 0.31732457876205444, 0.300008624792099, 0.2977463901042938, 0.2860185503959656], "accuracy": [0.5748267769813538, 0.6706423163414001, 0.6932969093322754, 0.7132196426391602, 0.7341417670249939, 0.7383395433425903, 0.7513992786407471, 0.7574626803398132, 0.768323540687561, 0.7759861350059509, 0.7835820913314819, 0.788112998008728, 0.8017057776451111, 0.8072361350059509, 0.8089685440063477, 0.8197627663612366, 0.8228278160095215, 0.8312900066375732, 0.842150866985321, 0.8444163203239441, 0.8563432693481445, 0.858941912651062, 0.8679370880126953, 0.8728678226470947, 0.8742004036903381], "auc": [0.6064929962158203, 0.7318102121353149, 0.7666374444961548, 0.7929703593254089, 0.8121730089187622, 0.8230425119400024, 0.837763249874115, 0.8449364304542542, 0.8522058725357056, 0.8641157746315002, 0.8693370819091797, 0.8760785460472107, 0.8869559168815613, 0.8922039270401001, 0.8942210674285889, 0.9050033092498779, 0.9119864106178284, 0.9163363575935364, 0.9242278337478638, 0.9278277158737183, 0.9344700574874878, 0.9382654428482056, 0.9454110264778137, 0.9466512799263, 0.9502687454223633], "categorical_accuracy": [0.5748267769813538, 0.6706423163414001, 0.6932969093322754, 0.7132196426391602, 0.7341417670249939, 0.7383395433425903, 0.7513992786407471, 0.7574626803398132, 0.768323540687561, 0.7759861350059509, 0.7835820913314819, 0.788112998008728, 0.8017057776451111, 0.8072361350059509, 0.8089685440063477, 0.8197627663612366, 0.8228278160095215, 0.8312900066375732, 0.842150866985321, 0.8444163203239441, 0.8563432693481445, 0.858941912651062, 0.8679370880126953, 0.8728678226470947, 0.8742004036903381], "val_loss": [0.6184180974960327, 0.5768895149230957, 0.5520325899124146, 0.5229171514511108, 0.5118000507354736, 0.5008730888366699, 0.4973788857460022, 0.4881267547607422, 0.4822123348712921, 0.48675310611724854, 0.47508323192596436, 0.47586870193481445, 0.4859962463378906, 0.47357189655303955, 0.47276028990745544, 0.46986591815948486, 0.485398530960083, 0.4931194484233856, 0.4754476249217987, 0.49134257435798645, 0.4954513609409332, 0.4934174120426178, 0.5134024620056152, 0.4893186390399933, 0.5075573921203613], "val_accuracy": [0.6537142992019653, 0.6890000104904175, 0.7089999914169312, 0.7331428527832031, 0.7381428480148315, 0.7488571405410767, 0.7472857236862183, 0.7519999742507935, 0.7598571181297302, 0.753000020980835, 0.7648571133613586, 0.7651428580284119, 0.7571428418159485, 0.7685714364051819, 0.769428551197052, 0.7685714364051819, 0.7641428709030151, 0.7611428499221802, 0.7735714316368103, 0.7631428837776184, 0.767714262008667, 0.7701428532600403, 0.7701428532600403, 0.7691428661346436, 0.7698571681976318], "val_auc": [0.7159316539764404, 0.7616357803344727, 0.7864840030670166, 0.8143500685691833, 0.8240008354187012, 0.8320409655570984, 0.8345033526420593, 0.8412516117095947, 0.8463048934936523, 0.8414795994758606, 0.8512973189353943, 0.8521442413330078, 0.8460569381713867, 0.8525124192237854, 0.8548132181167603, 0.8577948808670044, 0.847611129283905, 0.8518387675285339, 0.8585766553878784, 0.8534030914306641, 0.8527283072471619, 0.8559867143630981, 0.8543195128440857, 0.8573583960533142, 0.8560705184936523], "val_categorical_accuracy": [0.6537142992019653, 0.6890000104904175, 0.7089999914169312, 0.7331428527832031, 0.7381428480148315, 0.7488571405410767, 0.7472857236862183, 0.7519999742507935, 0.7598571181297302, 0.753000020980835, 0.7648571133613586, 0.7651428580284119, 0.7571428418159485, 0.7685714364051819, 0.769428551197052, 0.7685714364051819, 0.7641428709030151, 0.7611428499221802, 0.7735714316368103, 0.7631428837776184, 0.767714262008667, 0.7701428532600403, 0.7701428532600403, 0.7691428661346436, 0.7698571681976318]}