{"loss": [1.6083080768585205, 1.5971132516860962, 1.5921672582626343, 1.5848748683929443, 1.5747463703155518, 1.5700268745422363, 1.5624370574951172, 1.555619239807129, 1.5505560636520386, 1.5447676181793213, 1.5389419794082642, 1.5333327054977417, 1.5281504392623901, 1.5232150554656982, 1.519615888595581, 1.5131915807724, 1.5092424154281616, 1.5042270421981812, 1.5002892017364502, 1.4967399835586548, 1.4964821338653564, 1.4901033639907837, 1.4839842319488525, 1.480967402458191, 1.4793851375579834], "accuracy": [0.21395255625247955, 0.24320362508296967, 0.2551972270011902, 0.2639259099960327, 0.2722547948360443, 0.2762526571750641, 0.290778249502182, 0.2919776141643524, 0.29750800132751465, 0.3085021376609802, 0.3112339973449707, 0.3157649338245392, 0.3181636333465576, 0.3225612938404083, 0.32229477167129517, 0.33195629715919495, 0.3374200463294983, 0.33841949701309204, 0.3423507511615753, 0.3430170714855194, 0.34281715750694275, 0.34974679350852966, 0.35307836532592773, 0.3566098213195801, 0.35954156517982483], "auc": [0.5253331661224365, 0.5500641465187073, 0.5614192485809326, 0.5747644901275635, 0.5880129337310791, 0.5921545028686523, 0.6016958355903625, 0.608166515827179, 0.6134463548660278, 0.6201223134994507, 0.6258226633071899, 0.6319762468338013, 0.6357738971710205, 0.6407825946807861, 0.6438415050506592, 0.6499056220054626, 0.6542492508888245, 0.6576571464538574, 0.660144567489624, 0.663614809513092, 0.6634206771850586, 0.668306827545166, 0.6729871034622192, 0.6747495532035828, 0.6755765676498413], "categorical_accuracy": [0.21395255625247955, 0.24320362508296967, 0.2551972270011902, 0.2639259099960327, 0.2722547948360443, 0.2762526571750641, 0.290778249502182, 0.2919776141643524, 0.29750800132751465, 0.3085021376609802, 0.3112339973449707, 0.3157649338245392, 0.3181636333465576, 0.3225612938404083, 0.32229477167129517, 0.33195629715919495, 0.3374200463294983, 0.33841949701309204, 0.3423507511615753, 0.3430170714855194, 0.34281715750694275, 0.34974679350852966, 0.35307836532592773, 0.3566098213195801, 0.35954156517982483], "val_loss": [1.6003670692443848, 1.5938938856124878, 1.5915992259979248, 1.582947850227356, 1.5677865743637085, 1.570581078529358, 1.5533168315887451, 1.5421264171600342, 1.5351142883300781, 1.5315734148025513, 1.5274600982666016, 1.5484380722045898, 1.5180162191390991, 1.5169180631637573, 1.5027272701263428, 1.5061036348342896, 1.4996527433395386, 1.4948104619979858, 1.4903253316879272, 1.4765554666519165, 1.4815213680267334, 1.4999887943267822, 1.4650506973266602, 1.463321566581726, 1.458070993423462], "val_accuracy": [0.2709999978542328, 0.2831428647041321, 0.29657143354415894, 0.30714285373687744, 0.28685712814331055, 0.3165714144706726, 0.32014286518096924, 0.3230000138282776, 0.3140000104904175, 0.33628571033477783, 0.3382857143878937, 0.2962857186794281, 0.34228572249412537, 0.347428560256958, 0.3418571352958679, 0.35257142782211304, 0.36057141423225403, 0.3472857177257538, 0.34700000286102295, 0.3580000102519989, 0.349142849445343, 0.36814284324645996, 0.3637142777442932, 0.37771427631378174, 0.37400001287460327], "val_auc": [0.5720789432525635, 0.5902498364448547, 0.6012678146362305, 0.6120617389678955, 0.6038922071456909, 0.6182876825332642, 0.6274807453155518, 0.6325024962425232, 0.6326266527175903, 0.6440179944038391, 0.6481919288635254, 0.6229890584945679, 0.65622878074646, 0.6581315994262695, 0.6606730222702026, 0.6659121513366699, 0.6700001955032349, 0.669182538986206, 0.6683685183525085, 0.67859947681427, 0.6722218990325928, 0.670830249786377, 0.685697078704834, 0.6903258562088013, 0.6904016733169556], "val_categorical_accuracy": [0.2709999978542328, 0.2831428647041321, 0.29657143354415894, 0.30714285373687744, 0.28685712814331055, 0.3165714144706726, 0.32014286518096924, 0.3230000138282776, 0.3140000104904175, 0.33628571033477783, 0.3382857143878937, 0.2962857186794281, 0.34228572249412537, 0.347428560256958, 0.3418571352958679, 0.35257142782211304, 0.36057141423225403, 0.3472857177257538, 0.34700000286102295, 0.3580000102519989, 0.349142849445343, 0.36814284324645996, 0.3637142777442932, 0.37771427631378174, 0.37400001287460327]}